summary_type,name,count,percentage,avg_sentiment_score,negative_count,negative_rate
aspect,质量,705,0.3967,0.0981,305,0.4326
aspect,体验,415,0.2335,0.3668,109,0.2627
aspect,价格,184,0.1035,0.1739,70,0.3804
aspect,物流,177,0.0996,0.3006,54,0.3051
aspect,服务,148,0.0833,-0.2193,96,0.6486
aspect,包装,91,0.0512,-0.1165,51,0.5604
aspect,售后,57,0.0321,-0.6018,50,0.8772
negative_reason,疑似假货,13,0.0145,0.0,13,1.0
negative_reason,赠品缺失,11,0.0123,0.0,11,1.0
negative_reason,质量差,9,0.01,0.0,9,1.0
negative_reason,包装破损,9,0.01,0.0,9,1.0
negative_reason,效果差,8,0.0089,0.0,8,1.0
negative_reason,性价比低,7,0.0078,0.0,7,1.0
negative_reason,客服态度差,7,0.0078,0.0,7,1.0
negative_reason,物流慢,6,0.0067,0.0,6,1.0
negative_reason,价格贵,6,0.0067,0.0,6,1.0
negative_reason,内存小,6,0.0067,0.0,6,1.0
negative_reason,不新鲜,6,0.0067,0.0,6,1.0
negative_reason,电池不耐用,5,0.0056,0.0,5,1.0
negative_reason,卡顿,5,0.0056,0.0,5,1.0
negative_reason,刚买就降价,5,0.0056,0.0,5,1.0
negative_reason,价格高,5,0.0056,0.0,5,1.0
negative_reason,服务差,5,0.0056,0.0,5,1.0
negative_reason,水果不新鲜,4,0.0045,0.0,4,1.0
negative_reason,怀疑假货,4,0.0045,0.0,4,1.0
negative_reason,包装简陋,4,0.0045,0.0,4,1.0
negative_reason,售后差,4,0.0045,0.0,4,1.0
negative_reason,短期降价,4,0.0045,0.0,4,1.0
negative_reason,缺少配件,4,0.0045,0.0,4,1.0
negative_reason,反应慢,4,0.0045,0.0,4,1.0
negative_reason,分辨率低,4,0.0045,0.0,4,1.0
negative_reason,个头太小,4,0.0045,0.0,4,1.0
negative_reason,发货慢,3,0.0033,0.0,3,1.0
negative_reason,水果腐烂,3,0.0033,0.0,3,1.0
negative_reason,赠品未兑现,3,0.0033,0.0,3,1.0
negative_reason,客服推诿,3,0.0033,0.0,3,1.0
negative_reason,产品质量差,3,0.0033,0.0,3,1.0
negative_reason,物流延误,3,0.0033,0.0,3,1.0
negative_reason,假货,3,0.0033,0.0,3,1.0
negative_reason,头皮痒,3,0.0033,0.0,3,1.0
negative_reason,头皮屑多,3,0.0033,0.0,3,1.0
negative_reason,送货慢,3,0.0033,0.0,3,1.0
negative_reason,苹果太小,3,0.0033,0.0,3,1.0
negative_reason,内容无聊,2,0.0022,0.0,2,1.0
negative_reason,不值得买,2,0.0022,0.0,2,1.0
negative_reason,配件缺失,2,0.0022,0.0,2,1.0
negative_reason,系统卡顿,2,0.0022,0.0,2,1.0
negative_reason,手机卡顿,2,0.0022,0.0,2,1.0
negative_reason,自动关机,2,0.0022,0.0,2,1.0
negative_reason,电池续航差,2,0.0022,0.0,2,1.0
negative_reason,缺少耳机,2,0.0022,0.0,2,1.0
negative_reason,购物体验差,2,0.0022,0.0,2,1.0
negative_reason,配件少,2,0.0022,0.0,2,1.0
negative_reason,屏幕模糊,2,0.0022,0.0,2,1.0
negative_reason,未收到货,2,0.0022,0.0,2,1.0
negative_reason,个头小,2,0.0022,0.0,2,1.0
negative_reason,客服处理不当,2,0.0022,0.0,2,1.0
negative_reason,苹果质量差,2,0.0022,0.0,2,1.0
negative_reason,苹果不新鲜,2,0.0022,0.0,2,1.0
negative_reason,口感差,2,0.0022,0.0,2,1.0
negative_reason,未送货上门,2,0.0022,0.0,2,1.0
negative_reason,发霉,2,0.0022,0.0,2,1.0
negative_reason,欺骗消费者,2,0.0022,0.0,2,1.0
negative_reason,苹果腐烂,2,0.0022,0.0,2,1.0
negative_reason,快递慢,2,0.0022,0.0,2,1.0
negative_reason,内容肤浅,2,0.0022,0.0,2,1.0
negative_reason,苹果尺寸过小,2,0.0022,0.0,2,1.0
negative_reason,难吃,2,0.0022,0.0,2,1.0
negative_reason,快递员态度差,2,0.0022,0.0,2,1.0
negative_reason,品质差,2,0.0022,0.0,2,1.0
negative_reason,使用效果差,2,0.0022,0.0,2,1.0
negative_reason,价格虚高,2,0.0022,0.0,2,1.0
negative_reason,售后推诿,2,0.0022,0.0,2,1.0
negative_reason,声音小,2,0.0022,0.0,2,1.0
negative_reason,容量太小,2,0.0022,0.0,2,1.0
negative_reason,分辨率差,2,0.0022,0.0,2,1.0
negative_reason,导致头皮屑,2,0.0022,0.0,2,1.0
negative_reason,音质差,2,0.0022,0.0,2,1.0
negative_reason,内容简单,2,0.0022,0.0,2,1.0
negative_reason,非正品,2,0.0022,0.0,2,1.0
negative_reason,产品泄漏,2,0.0022,0.0,2,1.0
negative_reason,果小,2,0.0022,0.0,2,1.0
negative_reason,降价不退差价,2,0.0022,0.0,2,1.0
negative_reason,送货速度慢,2,0.0022,0.0,2,1.0
negative_reason,质地稀薄,2,0.0022,0.0,2,1.0
negative_reason,内容空洞,2,0.0022,0.0,2,1.0
negative_reason,发货延迟,2,0.0022,0.0,2,1.0
negative_reason,虚假宣传,2,0.0022,0.0,2,1.0
negative_reason,显示模糊,2,0.0022,0.0,2,1.0
negative_reason,运行卡顿,2,0.0022,0.0,2,1.0
negative_reason,误导消费者,2,0.0022,0.0,2,1.0
negative_reason,运行速度慢,1,0.0011,0.0,1,1.0
negative_reason,内存空间小,1,0.0011,0.0,1,1.0
negative_reason,缺少发票,1,0.0011,0.0,1,1.0
negative_reason,担心保修,1,0.0011,0.0,1,1.0
negative_reason,半年出问题,1,0.0011,0.0,1,1.0
negative_reason,忽悠消费者,1,0.0011,0.0,1,1.0
negative_reason,刚收货就降价,1,0.0011,0.0,1,1.0
negative_reason,屏幕发黄,1,0.0011,0.0,1,1.0
negative_reason,价格下降,1,0.0011,0.0,1,1.0
negative_reason,客服不回复,1,0.0011,0.0,1,1.0
negative_reason,像素太差,1,0.0011,0.0,1,1.0
negative_reason,欺诈,1,0.0011,0.0,1,1.0
negative_reason,产品老旧,1,0.0011,0.0,1,1.0
negative_reason,缺少贴膜,1,0.0011,0.0,1,1.0
negative_reason,声音延迟,1,0.0011,0.0,1,1.0
negative_reason,卡槽不匹配,1,0.0011,0.0,1,1.0
negative_reason,售后未退款,1,0.0011,0.0,1,1.0
negative_reason,失望,1,0.0011,0.0,1,1.0
negative_reason,使用两天黑屏,1,0.0011,0.0,1,1.0
negative_reason,系统慢,1,0.0011,0.0,1,1.0
negative_reason,售后服务差,1,0.0011,0.0,1,1.0
negative_reason,像素低,1,0.0011,0.0,1,1.0
negative_reason,服务糟糕,1,0.0011,0.0,1,1.0
negative_reason,价格不实惠,1,0.0011,0.0,1,1.0
negative_reason,手机故障,1,0.0011,0.0,1,1.0
negative_reason,无法退货,1,0.0011,0.0,1,1.0
negative_reason,视频卡顿,1,0.0011,0.0,1,1.0
negative_reason,通话故障,1,0.0011,0.0,1,1.0
negative_reason,售后网点远,1,0.0011,0.0,1,1.0
negative_reason,无法退换,1,0.0011,0.0,1,1.0
negative_reason,与小米手表相比很一般,1,0.0011,0.0,1,1.0
negative_reason,产品不断有问题,1,0.0011,0.0,1,1.0
negative_reason,客服无有用回答,1,0.0011,0.0,1,1.0
negative_reason,问题未解决,1,0.0011,0.0,1,1.0
negative_reason,不答应换货,1,0.0011,0.0,1,1.0
negative_reason,印刷不清晰,1,0.0011,0.0,1,1.0
negative_reason,WiFi下看剧卡顿,1,0.0011,0.0,1,1.0
negative_reason,限制领优惠券,1,0.0011,0.0,1,1.0
negative_reason,钢化膜有角贴不上,1,0.0011,0.0,1,1.0
negative_reason,手机反应慢,1,0.0011,0.0,1,1.0
negative_reason,买后降价,1,0.0011,0.0,1,1.0
negative_reason,未送赠品,1,0.0011,0.0,1,1.0
negative_reason,3G版卡顿严重,1,0.0011,0.0,1,1.0
negative_reason,拍照死机,1,0.0011,0.0,1,1.0
negative_reason,手机故障频发,1,0.0011,0.0,1,1.0
negative_reason,少送东西,1,0.0011,0.0,1,1.0
negative_reason,充电口难插,1,0.0011,0.0,1,1.0
negative_reason,做工差,1,0.0011,0.0,1,1.0
negative_reason,蓝牙无线网连不上,1,0.0011,0.0,1,1.0
negative_reason,疑似返修机,1,0.0011,0.0,1,1.0
negative_reason,手机不怎么样,1,0.0011,0.0,1,1.0
negative_reason,什么都没送,1,0.0011,0.0,1,1.0
negative_reason,老板太抠门,1,0.0011,0.0,1,1.0
negative_reason,显示不够高清,1,0.0011,0.0,1,1.0
negative_reason,UI不够好,1,0.0011,0.0,1,1.0
negative_reason,软件适配不完美,1,0.0011,0.0,1,1.0
negative_reason,电池一般,1,0.0011,0.0,1,1.0
negative_reason,虚拟导航键讨厌,1,0.0011,0.0,1,1.0
negative_reason,没送东西,1,0.0011,0.0,1,1.0
negative_reason,没发票,1,0.0011,0.0,1,1.0
negative_reason,疑似翻新机,1,0.0011,0.0,1,1.0
negative_reason,屏保给错,1,0.0011,0.0,1,1.0
negative_reason,游戏闪退,1,0.0011,0.0,1,1.0
negative_reason,不值这个价钱,1,0.0011,0.0,1,1.0
negative_reason,价格偏贵,1,0.0011,0.0,1,1.0
negative_reason,后台软件骗流量,1,0.0011,0.0,1,1.0
negative_reason,疑似水货,1,0.0011,0.0,1,1.0
negative_reason,通话无声,1,0.0011,0.0,1,1.0
negative_reason,wifi信号差,1,0.0011,0.0,1,1.0
negative_reason,屏幕拖影严重,1,0.0011,0.0,1,1.0
negative_reason,屏幕色差大,1,0.0011,0.0,1,1.0
negative_reason,包装无填充物,1,0.0011,0.0,1,1.0
negative_reason,黑边宽,1,0.0011,0.0,1,1.0
negative_reason,手机弯曲,1,0.0011,0.0,1,1.0
negative_reason,售后不保修,1,0.0011,0.0,1,1.0
negative_reason,商品差,1,0.0011,0.0,1,1.0
negative_reason,屏幕失灵,1,0.0011,0.0,1,1.0
negative_reason,客服忽悠,1,0.0011,0.0,1,1.0
negative_reason,客服要求截图,1,0.0011,0.0,1,1.0
negative_reason,价格降幅大,1,0.0011,0.0,1,1.0
negative_reason,质量怀疑,1,0.0011,0.0,1,1.0
negative_reason,赠品消失,1,0.0011,0.0,1,1.0
negative_reason,无故封号,1,0.0011,0.0,1,1.0
negative_reason,客服扯皮,1,0.0011,0.0,1,1.0
negative_reason,质量不好,1,0.0011,0.0,1,1.0
negative_reason,派送员态度差,1,0.0011,0.0,1,1.0
negative_reason,验货被拒,1,0.0011,0.0,1,1.0
negative_reason,售后无作为,1,0.0011,0.0,1,1.0
negative_reason,快递员擅自放保安室,1,0.0011,0.0,1,1.0
negative_reason,整体失望,1,0.0011,0.0,1,1.0
negative_reason,快递员未通知,1,0.0011,0.0,1,1.0
negative_reason,未让签收,1,0.0011,0.0,1,1.0
negative_reason,翻新机,1,0.0011,0.0,1,1.0
negative_reason,黑心卖家,1,0.0011,0.0,1,1.0
negative_reason,价格频繁波动,1,0.0011,0.0,1,1.0
negative_reason,价保被拒,1,0.0011,0.0,1,1.0
negative_reason,触屏反应慢,1,0.0011,0.0,1,1.0
negative_reason,经常卡屏,1,0.0011,0.0,1,1.0
negative_reason,保价期过无法维权,1,0.0011,0.0,1,1.0
negative_reason,伤透了心,1,0.0011,0.0,1,1.0
negative_reason,充电时触摸屏失灵,1,0.0011,0.0,1,1.0
negative_reason,质量垃圾,1,0.0011,0.0,1,1.0
negative_reason,首次发货是坏机,1,0.0011,0.0,1,1.0
negative_reason,客服周旋浪费时间,1,0.0011,0.0,1,1.0
negative_reason,评价系统问题,1,0.0011,0.0,1,1.0
negative_reason,产品太小,1,0.0011,0.0,1,1.0
negative_reason,物流速度慢,1,0.0011,0.0,1,1.0
negative_reason,屏幕拖尾,1,0.0011,0.0,1,1.0
negative_reason,一周内降价,1,0.0011,0.0,1,1.0
negative_reason,购后两天降价,1,0.0011,0.0,1,1.0
negative_reason,双11后一天降价,1,0.0011,0.0,1,1.0
negative_reason,缺少闪光灯,1,0.0011,0.0,1,1.0
negative_reason,性能差,1,0.0011,0.0,1,1.0
negative_reason,误导性促销,1,0.0011,0.0,1,1.0
negative_reason,客服否认,1,0.0011,0.0,1,1.0
negative_reason,屏幕有亮点,1,0.0011,0.0,1,1.0
negative_reason,不退差价,1,0.0011,0.0,1,1.0
negative_reason,疑似二手,1,0.0011,0.0,1,1.0
negative_reason,客服差劲,1,0.0011,0.0,1,1.0
negative_reason,品质下降,1,0.0011,0.0,1,1.0
negative_reason,画质太渣,1,0.0011,0.0,1,1.0
negative_reason,死机开不了机,1,0.0011,0.0,1,1.0
negative_reason,莫名其妙死机,1,0.0011,0.0,1,1.0
negative_reason,多次返厂维修,1,0.0011,0.0,1,1.0
negative_reason,售后未经联系直接维修,1,0.0011,0.0,1,1.0
negative_reason,不支持三包政策,1,0.0011,0.0,1,1.0
negative_reason,评论被屏蔽,1,0.0011,0.0,1,1.0
negative_reason,产品笨重,1,0.0011,0.0,1,1.0
negative_reason,音质不佳,1,0.0011,0.0,1,1.0
negative_reason,附件缺失,1,0.0011,0.0,1,1.0
negative_reason,客服态度恶劣,1,0.0011,0.0,1,1.0
negative_reason,盗版产品,1,0.0011,0.0,1,1.0
negative_reason,屏幕卡死,1,0.0011,0.0,1,1.0
negative_reason,缺少屏幕保护膜,1,0.0011,0.0,1,1.0
negative_reason,疑似二手退货,1,0.0011,0.0,1,1.0
negative_reason,不放心,1,0.0011,0.0,1,1.0
negative_reason,自动乱跳,1,0.0011,0.0,1,1.0
negative_reason,缺少充电器,1,0.0011,0.0,1,1.0
negative_reason,卖家推诿,1,0.0011,0.0,1,1.0
negative_reason,客服嘲讽,1,0.0011,0.0,1,1.0
negative_reason,发票糊弄,1,0.0011,0.0,1,1.0
negative_reason,拍照效果差,1,0.0011,0.0,1,1.0
negative_reason,不清晰,1,0.0011,0.0,1,1.0
negative_reason,屏幕漏光,1,0.0011,0.0,1,1.0
negative_reason,产品不实用,1,0.0011,0.0,1,1.0
negative_reason,价格保护虚假,1,0.0011,0.0,1,1.0
negative_reason,不预告降价,1,0.0011,0.0,1,1.0
negative_reason,屏幕出现条纹,1,0.0011,0.0,1,1.0
negative_reason,硬件故障,1,0.0011,0.0,1,1.0
negative_reason,售后政策差,1,0.0011,0.0,1,1.0
negative_reason,体验差,1,0.0011,0.0,1,1.0
negative_reason,卡槽设计不合理,1,0.0011,0.0,1,1.0
negative_reason,未提前说明,1,0.0011,0.0,1,1.0
negative_reason,屏幕花屏,1,0.0011,0.0,1,1.0
negative_reason,无法开机,1,0.0011,0.0,1,1.0
negative_reason,充电故障,1,0.0011,0.0,1,1.0
negative_reason,质检问题,1,0.0011,0.0,1,1.0
negative_reason,WiFi不稳定,1,0.0011,0.0,1,1.0
negative_reason,联网限制,1,0.0011,0.0,1,1.0
negative_reason,解决问题态度失望,1,0.0011,0.0,1,1.0
negative_reason,未收到赠送皮套,1,0.0011,0.0,1,1.0
negative_reason,活动虚假宣传,1,0.0011,0.0,1,1.0
negative_reason,黑屏问题,1,0.0011,0.0,1,1.0
negative_reason,系统严重问题,1,0.0011,0.0,1,1.0
negative_reason,保护套磁力小易掉,1,0.0011,0.0,1,1.0
negative_reason,钢化膜有洞,1,0.0011,0.0,1,1.0
negative_reason,半包设计差,1,0.0011,0.0,1,1.0
negative_reason,无实质内容差评,1,0.0011,0.0,1,1.0
negative_reason,实际内存少于标称,1,0.0011,0.0,1,1.0
negative_reason,摄像头像素差,1,0.0011,0.0,1,1.0
negative_reason,前后摄像头虚,1,0.0011,0.0,1,1.0
negative_reason,屏幕裂纹,1,0.0011,0.0,1,1.0
negative_reason,客服推卸责任,1,0.0011,0.0,1,1.0
negative_reason,未赠送贴膜,1,0.0011,0.0,1,1.0
negative_reason,赠品不实用,1,0.0011,0.0,1,1.0
negative_reason,比较不实,1,0.0011,0.0,1,1.0
negative_reason,语音拨号差,1,0.0011,0.0,1,1.0
negative_reason,待机短,1,0.0011,0.0,1,1.0
negative_reason,操作反应慢,1,0.0011,0.0,1,1.0
negative_reason,开机启动慢,1,0.0011,0.0,1,1.0
negative_reason,按键紧凑手感差,1,0.0011,0.0,1,1.0
negative_reason,信号不理想,1,0.0011,0.0,1,1.0
negative_reason,电量低时死机,1,0.0011,0.0,1,1.0
negative_reason,电池问题,1,0.0011,0.0,1,1.0
negative_reason,售后未解决,1,0.0011,0.0,1,1.0
negative_reason,键盘质量差,1,0.0011,0.0,1,1.0
negative_reason,20天磨损,1,0.0011,0.0,1,1.0
negative_reason,保修不管,1,0.0011,0.0,1,1.0
negative_reason,录音繁琐,1,0.0011,0.0,1,1.0
negative_reason,缺少蓝牙收音,1,0.0011,0.0,1,1.0
negative_reason,天线折叠影响信号,1,0.0011,0.0,1,1.0
negative_reason,手机功能关闭,1,0.0011,0.0,1,1.0
negative_reason,常死机,1,0.0011,0.0,1,1.0
negative_reason,掉线,1,0.0011,0.0,1,1.0
negative_reason,售后困难,1,0.0011,0.0,1,1.0
negative_reason,拒绝退货,1,0.0011,0.0,1,1.0
negative_reason,公司倒闭,1,0.0011,0.0,1,1.0
negative_reason,外观差,1,0.0011,0.0,1,1.0
negative_reason,翻盖不流畅,1,0.0011,0.0,1,1.0
negative_reason,功能单一,1,0.0011,0.0,1,1.0
negative_reason,不值,1,0.0011,0.0,1,1.0
negative_reason,待机时间短,1,0.0011,0.0,1,1.0
negative_reason,速度慢,1,0.0011,0.0,1,1.0
negative_reason,存在黑屏自动关机等bug,1,0.0011,0.0,1,1.0
negative_reason,摄像变焦虚假,1,0.0011,0.0,1,1.0
negative_reason,话筒声音小,1,0.0011,0.0,1,1.0
negative_reason,按键易坏,1,0.0011,0.0,1,1.0
negative_reason,变焦不符,1,0.0011,0.0,1,1.0
negative_reason,不支持媒体卡,1,0.0011,0.0,1,1.0
negative_reason,录音不能设铃声,1,0.0011,0.0,1,1.0
negative_reason,读卡失败,1,0.0011,0.0,1,1.0
negative_reason,铃声局限,1,0.0011,0.0,1,1.0
negative_reason,说明简略,1,0.0011,0.0,1,1.0
negative_reason,听筒偏位声音小,1,0.0011,0.0,1,1.0
negative_reason,翻盖异响,1,0.0011,0.0,1,1.0
negative_reason,关机掉电,1,0.0011,0.0,1,1.0
negative_reason,屏幕不可调,1,0.0011,0.0,1,1.0
negative_reason,无红外蓝牙,1,0.0011,0.0,1,1.0
negative_reason,铃声破音,1,0.0011,0.0,1,1.0
negative_reason,摄像头差,1,0.0011,0.0,1,1.0
negative_reason,铃声格式限制,1,0.0011,0.0,1,1.0
negative_reason,排线质量差,1,0.0011,0.0,1,1.0
negative_reason,售后无响应,1,0.0011,0.0,1,1.0
negative_reason,机身发热,1,0.0011,0.0,1,1.0
negative_reason,通话不稳,1,0.0011,0.0,1,1.0
negative_reason,外壳易坏,1,0.0011,0.0,1,1.0
negative_reason,数据传输失败,1,0.0011,0.0,1,1.0
negative_reason,容易死机,1,0.0011,0.0,1,1.0
negative_reason,通话声音小,1,0.0011,0.0,1,1.0
negative_reason,功能少,1,0.0011,0.0,1,1.0
negative_reason,不实用,1,0.0011,0.0,1,1.0
negative_reason,屏幕单色,1,0.0011,0.0,1,1.0
negative_reason,电话薄不好查找,1,0.0011,0.0,1,1.0
negative_reason,不支持短信群发,1,0.0011,0.0,1,1.0
negative_reason,铃声不易下载,1,0.0011,0.0,1,1.0
negative_reason,显示屏坏,1,0.0011,0.0,1,1.0
negative_reason,死机,1,0.0011,0.0,1,1.0
negative_reason,外屏小,1,0.0011,0.0,1,1.0
negative_reason,外屏非彩屏,1,0.0011,0.0,1,1.0
negative_reason,内屏分辨率低,1,0.0011,0.0,1,1.0
negative_reason,处理器慢,1,0.0011,0.0,1,1.0
negative_reason,图像解码慢,1,0.0011,0.0,1,1.0
negative_reason,拍照模式单调,1,0.0011,0.0,1,1.0
negative_reason,照片效果一般,1,0.0011,0.0,1,1.0
negative_reason,短信不实用,1,0.0011,0.0,1,1.0
negative_reason,电话薄多余,1,0.0011,0.0,1,1.0
negative_reason,屏幕小,1,0.0011,0.0,1,1.0
negative_reason,同价位配置低,1,0.0011,0.0,1,1.0
negative_reason,水果有烂的迹象,1,0.0011,0.0,1,1.0
negative_reason,不甜偏酸,1,0.0011,0.0,1,1.0
negative_reason,价格太贵,1,0.0011,0.0,1,1.0
negative_reason,虚假好评,1,0.0011,0.0,1,1.0
negative_reason,实物不符,1,0.0011,0.0,1,1.0
negative_reason,烂苹果,1,0.0011,0.0,1,1.0
negative_reason,沟通无回应,1,0.0011,0.0,1,1.0
negative_reason,包装随意,1,0.0011,0.0,1,1.0
negative_reason,商品损坏,1,0.0011,0.0,1,1.0
negative_reason,产品腐烂,1,0.0011,0.0,1,1.0
negative_reason,口味酸,1,0.0011,0.0,1,1.0
negative_reason,品相差,1,0.0011,0.0,1,1.0
negative_reason,产品次品,1,0.0011,0.0,1,1.0
negative_reason,偏酸,1,0.0011,0.0,1,1.0
negative_reason,撞坏,1,0.0011,0.0,1,1.0
negative_reason,物流滞留,1,0.0011,0.0,1,1.0
negative_reason,坏果,1,0.0011,0.0,1,1.0
negative_reason,尺寸不符,1,0.0011,0.0,1,1.0
negative_reason,自动确认收货,1,0.0011,0.0,1,1.0
negative_reason,物流暴力,1,0.0011,0.0,1,1.0
negative_reason,苹果磕坏,1,0.0011,0.0,1,1.0
negative_reason,尺寸过小,1,0.0011,0.0,1,1.0
negative_reason,切面不整齐,1,0.0011,0.0,1,1.0
negative_reason,苹果全是坏的,1,0.0011,0.0,1,1.0
negative_reason,疑似伪劣产品,1,0.0011,0.0,1,1.0
negative_reason,皱皮,1,0.0011,0.0,1,1.0
negative_reason,商品全部损坏,1,0.0011,0.0,1,1.0
negative_reason,物流时间长,1,0.0011,0.0,1,1.0
negative_reason,有蔫,1,0.0011,0.0,1,1.0
negative_reason,不熟,1,0.0011,0.0,1,1.0
negative_reason,磕伤,1,0.0011,0.0,1,1.0
negative_reason,价格不低,1,0.0011,0.0,1,1.0
negative_reason,苹果内部伤痕累累,1,0.0011,0.0,1,1.0
negative_reason,售后未解决问题,1,0.0011,0.0,1,1.0
negative_reason,苹果大部分腐烂,1,0.0011,0.0,1,1.0
negative_reason,表皮腐烂,1,0.0011,0.0,1,1.0
negative_reason,火龙果太小,1,0.0011,0.0,1,1.0
negative_reason,不符合大果描述,1,0.0011,0.0,1,1.0
negative_reason,水分少,1,0.0011,0.0,1,1.0
negative_reason,名人效应,1,0.0011,0.0,1,1.0
negative_reason,内容不佳,1,0.0011,0.0,1,1.0
negative_reason,临期奶粉,1,0.0011,0.0,1,1.0
negative_reason,客服拒绝退换,1,0.0011,0.0,1,1.0
negative_reason,强买强卖,1,0.0011,0.0,1,1.0
negative_reason,口感不脆,1,0.0011,0.0,1,1.0
negative_reason,腐烂,1,0.0011,0.0,1,1.0
negative_reason,掉页严重,1,0.0011,0.0,1,1.0
negative_reason,不甜,1,0.0011,0.0,1,1.0
negative_reason,变味,1,0.0011,0.0,1,1.0
negative_reason,重量不足,1,0.0011,0.0,1,1.0
negative_reason,价格不值,1,0.0011,0.0,1,1.0
negative_reason,实物与描述不符,1,0.0011,0.0,1,1.0
negative_reason,令人失望,1,0.0011,0.0,1,1.0
negative_reason,苹果有烂点,1,0.0011,0.0,1,1.0
negative_reason,对京东服务失望,1,0.0011,0.0,1,1.0
negative_reason,数量不符,1,0.0011,0.0,1,1.0
negative_reason,不深入,1,0.0011,0.0,1,1.0
negative_reason,产品有问题,1,0.0011,0.0,1,1.0
negative_reason,内容烂,1,0.0011,0.0,1,1.0
negative_reason,无味,1,0.0011,0.0,1,1.0
negative_reason,生,1,0.0011,0.0,1,1.0
negative_reason,苦味,1,0.0011,0.0,1,1.0
negative_reason,酸涩,1,0.0011,0.0,1,1.0
negative_reason,水果冻坏,1,0.0011,0.0,1,1.0
negative_reason,胡言乱语,1,0.0011,0.0,1,1.0
negative_reason,额外运费,1,0.0011,0.0,1,1.0
negative_reason,退货麻烦,1,0.0011,0.0,1,1.0
negative_reason,椰子变质,1,0.0011,0.0,1,1.0
negative_reason,客服售后差,1,0.0011,0.0,1,1.0
negative_reason,购物体验极差,1,0.0011,0.0,1,1.0
negative_reason,赔偿忽悠,1,0.0011,0.0,1,1.0
negative_reason,苹果碰伤腐烂,1,0.0011,0.0,1,1.0
negative_reason,结构牵强,1,0.0011,0.0,1,1.0
negative_reason,包装无保鲜袋,1,0.0011,0.0,1,1.0
negative_reason,不支持电信卡,1,0.0011,0.0,1,1.0
negative_reason,物流签收异常,1,0.0011,0.0,1,1.0
negative_reason,苹果小且不甜脆,1,0.0011,0.0,1,1.0
negative_reason,果肉外观差,1,0.0011,0.0,1,1.0
negative_reason,包装有异味,1,0.0011,0.0,1,1.0
negative_reason,超级酸,1,0.0011,0.0,1,1.0
negative_reason,特级苦,1,0.0011,0.0,1,1.0
negative_reason,内容冗余,1,0.0011,0.0,1,1.0
negative_reason,怀疑份量不足,1,0.0011,0.0,1,1.0
negative_reason,火龙果酸烂,1,0.0011,0.0,1,1.0
negative_reason,不能退货,1,0.0011,0.0,1,1.0
negative_reason,没有甜味,1,0.0011,0.0,1,1.0
negative_reason,水果坏了,1,0.0011,0.0,1,1.0
negative_reason,特别小,1,0.0011,0.0,1,1.0
negative_reason,内部腐烂,1,0.0011,0.0,1,1.0
negative_reason,苹果内部坏掉,1,0.0011,0.0,1,1.0
negative_reason,果子太小,1,0.0011,0.0,1,1.0
negative_reason,外皮有伤,1,0.0011,0.0,1,1.0
negative_reason,味道一般,1,0.0011,0.0,1,1.0
negative_reason,水果有伤,1,0.0011,0.0,1,1.0
negative_reason,水果软,1,0.0011,0.0,1,1.0
negative_reason,有坏果,1,0.0011,0.0,1,1.0
negative_reason,有异味,1,0.0011,0.0,1,1.0
negative_reason,出现斑点,1,0.0011,0.0,1,1.0
negative_reason,香味不足,1,0.0011,0.0,1,1.0
negative_reason,分量感觉少,1,0.0011,0.0,1,1.0
negative_reason,护发素太多,1,0.0011,0.0,1,1.0
negative_reason,洗发水少,1,0.0011,0.0,1,1.0
negative_reason,头发油的更快,1,0.0011,0.0,1,1.0
negative_reason,价位偏贵,1,0.0011,0.0,1,1.0
negative_reason,尺寸比预期小,1,0.0011,0.0,1,1.0
negative_reason,泡泡少,1,0.0011,0.0,1,1.0
negative_reason,价格浮动太大,1,0.0011,0.0,1,1.0
negative_reason,无发票,1,0.0011,0.0,1,1.0
negative_reason,难度高,1,0.0011,0.0,1,1.0
negative_reason,序言凑字数,1,0.0011,0.0,1,1.0
negative_reason,产品结块,1,0.0011,0.0,1,1.0
negative_reason,引发头皮屑,1,0.0011,0.0,1,1.0
negative_reason,无趣,1,0.0011,0.0,1,1.0
negative_reason,客服拉黑,1,0.0011,0.0,1,1.0
negative_reason,货物被摔破,1,0.0011,0.0,1,1.0
negative_reason,缺少包装,1,0.0011,0.0,1,1.0
negative_reason,商标损坏,1,0.0011,0.0,1,1.0
negative_reason,瓶盖打开,1,0.0011,0.0,1,1.0
negative_reason,瓶盖无法密封,1,0.0011,0.0,1,1.0
negative_reason,泄露,1,0.0011,0.0,1,1.0
negative_reason,使用后头皮痒,1,0.0011,0.0,1,1.0
negative_reason,发质干枯,1,0.0011,0.0,1,1.0
negative_reason,画面不生动,1,0.0011,0.0,1,1.0
negative_reason,强迫退货,1,0.0011,0.0,1,1.0
negative_reason,商品漏发,1,0.0011,0.0,1,1.0
negative_reason,客服未解决,1,0.0011,0.0,1,1.0
negative_reason,使用后头发毛躁干枯,1,0.0011,0.0,1,1.0
negative_reason,送货差,1,0.0011,0.0,1,1.0
negative_reason,包装打开,1,0.0011,0.0,1,1.0
negative_reason,售后无人管,1,0.0011,0.0,1,1.0
negative_reason,使用后头皮屑,1,0.0011,0.0,1,1.0
negative_reason,掉发,1,0.0011,0.0,1,1.0
negative_reason,头痒,1,0.0011,0.0,1,1.0
negative_reason,与柜台有差距,1,0.0011,0.0,1,1.0
negative_reason,取件距离远,1,0.0011,0.0,1,1.0
negative_reason,感觉被坑,1,0.0011,0.0,1,1.0
negative_reason,使用后头皮屑增多,1,0.0011,0.0,1,1.0
negative_reason,洗后头发油,1,0.0011,0.0,1,1.0
negative_reason,使用体验差,1,0.0011,0.0,1,1.0
negative_reason,使用后头皮增多,1,0.0011,0.0,1,1.0
negative_reason,内容幼稚,1,0.0011,0.0,1,1.0
negative_reason,想退货,1,0.0011,0.0,1,1.0
negative_reason,使用后过敏,1,0.0011,0.0,1,1.0
negative_reason,质量假,1,0.0011,0.0,1,1.0
negative_reason,客服不理人,1,0.0011,0.0,1,1.0
negative_reason,没效果,1,0.0011,0.0,1,1.0
negative_reason,与图片不符,1,0.0011,0.0,1,1.0
negative_reason,洗不干净,1,0.0011,0.0,1,1.0
negative_reason,油腻,1,0.0011,0.0,1,1.0
negative_reason,画法乱,1,0.0011,0.0,1,1.0
negative_reason,内容无趣,1,0.0011,0.0,1,1.0
negative_reason,单词堆砌,1,0.0011,0.0,1,1.0
negative_reason,压头损坏,1,0.0011,0.0,1,1.0
negative_reason,泄漏,1,0.0011,0.0,1,1.0
negative_reason,画面糟糕,1,0.0011,0.0,1,1.0
negative_reason,易出油,1,0.0011,0.0,1,1.0
negative_reason,有头屑,1,0.0011,0.0,1,1.0
negative_reason,漏发赠品,1,0.0011,0.0,1,1.0
negative_reason,订单配送遗漏物品,1,0.0011,0.0,1,1.0
negative_reason,少发商品,1,0.0011,0.0,1,1.0
negative_reason,包装破损导致液体泄漏,1,0.0011,0.0,1,1.0
negative_reason,去屑效果不佳,1,0.0011,0.0,1,1.0
negative_reason,瓶口塑料破损导致漏液,1,0.0011,0.0,1,1.0
negative_reason,包装破损导致泄漏,1,0.0011,0.0,1,1.0
negative_reason,缺页,1,0.0011,0.0,1,1.0
negative_reason,疑似假货且导致头屑问题,1,0.0011,0.0,1,1.0
negative_reason,疑似被使用,1,0.0011,0.0,1,1.0
negative_reason,欺诈消费者,1,0.0011,0.0,1,1.0
negative_reason,价格下降快,1,0.0011,0.0,1,1.0
negative_reason,换货手续麻烦,1,0.0011,0.0,1,1.0
negative_reason,售假,1,0.0011,0.0,1,1.0
negative_reason,退货不通过,1,0.0011,0.0,1,1.0
negative_reason,服务遮掩,1,0.0011,0.0,1,1.0
negative_reason,风格不喜欢,1,0.0011,0.0,1,1.0
negative_reason,物流效率低,1,0.0011,0.0,1,1.0
negative_reason,不适合国情,1,0.0011,0.0,1,1.0
negative_reason,客服不处理,1,0.0011,0.0,1,1.0
negative_reason,包装错误,1,0.0011,0.0,1,1.0
negative_reason,产品可疑,1,0.0011,0.0,1,1.0
negative_reason,客服解释不当,1,0.0011,0.0,1,1.0
negative_reason,产品导致头皮屑,1,0.0011,0.0,1,1.0
negative_reason,产品效果差,1,0.0011,0.0,1,1.0
negative_reason,粗糙不柔顺,1,0.0011,0.0,1,1.0
negative_reason,头发干和毛躁,1,0.0011,0.0,1,1.0
negative_reason,不值得,1,0.0011,0.0,1,1.0
negative_reason,味道淡,1,0.0011,0.0,1,1.0
negative_reason,颜色浅,1,0.0011,0.0,1,1.0
negative_reason,浓度低,1,0.0011,0.0,1,1.0
negative_reason,泡沫少,1,0.0011,0.0,1,1.0
negative_reason,封底脱落,1,0.0011,0.0,1,1.0
negative_reason,使用不舒服,1,0.0011,0.0,1,1.0
negative_reason,配送时间长,1,0.0011,0.0,1,1.0
negative_reason,与正品不符,1,0.0011,0.0,1,1.0
negative_reason,包裹分开发送,1,0.0011,0.0,1,1.0
negative_reason,代收点问题,1,0.0011,0.0,1,1.0
negative_reason,沟通不畅,1,0.0011,0.0,1,1.0
negative_reason,物流服务差,1,0.0011,0.0,1,1.0
negative_reason,洗后头发油腻,1,0.0011,0.0,1,1.0
negative_reason,物流信息消失,1,0.0011,0.0,1,1.0
negative_reason,产品致头皮痒,1,0.0011,0.0,1,1.0
negative_reason,使用后头痒,1,0.0011,0.0,1,1.0
negative_reason,商品破损洒漏,1,0.0011,0.0,1,1.0
negative_reason,客服服务差,1,0.0011,0.0,1,1.0
negative_reason,客服未解决问题,1,0.0011,0.0,1,1.0
negative_reason,疑似虚假签收,1,0.0011,0.0,1,1.0
negative_reason,客服建议不当,1,0.0011,0.0,1,1.0
negative_reason,洗后头发干枯,1,0.0011,0.0,1,1.0
negative_reason,质量低劣,1,0.0011,0.0,1,1.0
negative_reason,瓶盖松动,1,0.0011,0.0,1,1.0
negative_reason,漏液,1,0.0011,0.0,1,1.0
negative_reason,洗后瘙痒,1,0.0011,0.0,1,1.0
negative_reason,退货被拒,1,0.0011,0.0,1,1.0
negative_reason,香味淡,1,0.0011,0.0,1,1.0
negative_reason,效果不及预期,1,0.0011,0.0,1,1.0
negative_reason,疑似开封,1,0.0011,0.0,1,1.0
negative_reason,发质损伤,1,0.0011,0.0,1,1.0
negative_reason,缺少防护,1,0.0011,0.0,1,1.0
negative_reason,与实际不符,1,0.0011,0.0,1,1.0
negative_reason,香味过浓,1,0.0011,0.0,1,1.0
negative_reason,假货疑虑,1,0.0011,0.0,1,1.0
negative_reason,快递暴力,1,0.0011,0.0,1,1.0
negative_reason,液体泄漏,1,0.0011,0.0,1,1.0
negative_reason,未电话通知,1,0.0011,0.0,1,1.0
negative_reason,不如屈臣氏买的,1,0.0011,0.0,1,1.0
negative_reason,外包装不正规,1,0.0011,0.0,1,1.0
negative_reason,产品进水,1,0.0011,0.0,1,1.0
negative_reason,包装缺失,1,0.0011,0.0,1,1.0
negative_reason,体验极差,1,0.0011,0.0,1,1.0
negative_reason,无故扣京豆,1,0.0011,0.0,1,1.0
negative_reason,承诺赠品未送,1,0.0011,0.0,1,1.0
negative_reason,实用性差,1,0.0011,0.0,1,1.0
negative_reason,内容自恋,1,0.0011,0.0,1,1.0
negative_reason,内容浅薄,1,0.0011,0.0,1,1.0
negative_reason,缺乏实用性,1,0.0011,0.0,1,1.0
negative_reason,名不副实,1,0.0011,0.0,1,1.0
negative_reason,播放卡顿,1,0.0011,0.0,1,1.0
negative_reason,不流畅,1,0.0011,0.0,1,1.0
negative_reason,印刷差,1,0.0011,0.0,1,1.0
negative_reason,疑似影印版,1,0.0011,0.0,1,1.0
negative_reason,物流缓慢,1,0.0011,0.0,1,1.0
negative_reason,内容与预期不符,1,0.0011,0.0,1,1.0
negative_reason,印刷质量差,1,0.0011,0.0,1,1.0
negative_reason,纸张质量差,1,0.0011,0.0,1,1.0
negative_reason,内容错误,1,0.0011,0.0,1,1.0
negative_reason,内容不实用,1,0.0011,0.0,1,1.0
negative_reason,不适用于本国国情,1,0.0011,0.0,1,1.0
negative_reason,漏发书籍,1,0.0011,0.0,1,1.0
negative_reason,无解释,1,0.0011,0.0,1,1.0
negative_reason,封皮不专业,1,0.0011,0.0,1,1.0
negative_reason,内容平庸,1,0.0011,0.0,1,1.0
negative_reason,感觉上当,1,0.0011,0.0,1,1.0
negative_reason,书有异味,1,0.0011,0.0,1,1.0
negative_reason,内容单薄,1,0.0011,0.0,1,1.0
negative_reason,空洞乏味,1,0.0011,0.0,1,1.0
negative_reason,浪费纸张,1,0.0011,0.0,1,1.0
negative_reason,对记忆无帮助,1,0.0011,0.0,1,1.0
negative_reason,内容乏味,1,0.0011,0.0,1,1.0
negative_reason,章节不严谨,1,0.0011,0.0,1,1.0
negative_reason,重点不清,1,0.0011,0.0,1,1.0
negative_reason,炒作,1,0.0011,0.0,1,1.0
negative_reason,浪费钱,1,0.0011,0.0,1,1.0
negative_reason,单词实用性低,1,0.0011,0.0,1,1.0
negative_reason,记忆帮助小,1,0.0011,0.0,1,1.0
negative_reason,外包装过大,1,0.0011,0.0,1,1.0
negative_reason,内部缺乏固定,1,0.0011,0.0,1,1.0
negative_reason,开关键易误触,1,0.0011,0.0,1,1.0
negative_reason,重量大,1,0.0011,0.0,1,1.0
negative_reason,流畅度一般,1,0.0011,0.0,1,1.0
negative_reason,有时卡机,1,0.0011,0.0,1,1.0
negative_reason,OTG模式不能充电,1,0.0011,0.0,1,1.0
negative_reason,包装太简单,1,0.0011,0.0,1,1.0
negative_reason,续航糟糕,1,0.0011,0.0,1,1.0
negative_reason,游戏卡顿,1,0.0011,0.0,1,1.0
negative_reason,保护套质量差,1,0.0011,0.0,1,1.0
negative_reason,包装缺乏保护,1,0.0011,0.0,1,1.0
negative_reason,与描述不符,1,0.0011,0.0,1,1.0
negative_reason,日期变动,1,0.0011,0.0,1,1.0
negative_reason,诚信问题,1,0.0011,0.0,1,1.0
negative_reason,体验下降,1,0.0011,0.0,1,1.0
negative_reason,服务态度差,1,0.0011,0.0,1,1.0
negative_reason,不允验货,1,0.0011,0.0,1,1.0
negative_reason,屏幕损坏,1,0.0011,0.0,1,1.0
negative_reason,催货无效,1,0.0011,0.0,1,1.0
negative_reason,预装软件多,1,0.0011,0.0,1,1.0
negative_reason,无法刷机,1,0.0011,0.0,1,1.0
negative_reason,安全性差,1,0.0011,0.0,1,1.0
negative_reason,客服处理不力,1,0.0011,0.0,1,1.0
negative_reason,退货困难,1,0.0011,0.0,1,1.0
negative_reason,疑似返修品,1,0.0011,0.0,1,1.0
negative_reason,降价快,1,0.0011,0.0,1,1.0
negative_reason,缺少中文对白字幕,1,0.0011,0.0,1,1.0
negative_reason,显示干扰,1,0.0011,0.0,1,1.0
negative_reason,充电器故障,1,0.0011,0.0,1,1.0
negative_reason,送货延迟,1,0.0011,0.0,1,1.0
negative_reason,虚假确认收货,1,0.0011,0.0,1,1.0
negative_reason,跳屏,1,0.0011,0.0,1,1.0
negative_reason,发票丢失,1,0.0011,0.0,1,1.0
negative_reason,客服隐瞒活动,1,0.0011,0.0,1,1.0
negative_reason,摄像头模糊,1,0.0011,0.0,1,1.0
negative_reason,未到货就降价,1,0.0011,0.0,1,1.0
negative_reason,外观廉价,1,0.0011,0.0,1,1.0
negative_reason,APP适配差,1,0.0011,0.0,1,1.0
negative_reason,字体小伤眼,1,0.0011,0.0,1,1.0
negative_reason,花屏,1,0.0011,0.0,1,1.0
negative_reason,误操作严重,1,0.0011,0.0,1,1.0
negative_reason,用一个月开不了机,1,0.0011,0.0,1,1.0
negative_reason,评价标签不合理,1,0.0011,0.0,1,1.0
negative_reason,膜被折过,1,0.0011,0.0,1,1.0
negative_reason,有气泡,1,0.0011,0.0,1,1.0
negative_reason,黑边大,1,0.0011,0.0,1,1.0
negative_reason,抢购被耍,1,0.0011,0.0,1,1.0
negative_reason,订单不生成,1,0.0011,0.0,1,1.0
negative_reason,缺少收据清单,1,0.0011,0.0,1,1.0
negative_reason,客服联系不上,1,0.0011,0.0,1,1.0
negative_reason,价格昂贵,1,0.0011,0.0,1,1.0
negative_reason,卡屏,1,0.0011,0.0,1,1.0
negative_reason,维修未解决,1,0.0011,0.0,1,1.0
negative_reason,不送保护膜,1,0.0011,0.0,1,1.0
negative_reason,客服敷衍,1,0.0011,0.0,1,1.0
negative_reason,客服不专业,1,0.0011,0.0,1,1.0
negative_reason,电池质量差,1,0.0011,0.0,1,1.0
negative_reason,换货流程麻烦,1,0.0011,0.0,1,1.0
negative_reason,屏幕脏污,1,0.0011,0.0,1,1.0
negative_reason,疑似翻新,1,0.0011,0.0,1,1.0
negative_reason,内容重复,1,0.0011,0.0,1,1.0
negative_reason,做工粗糙,1,0.0011,0.0,1,1.0
negative_reason,触屏不灵,1,0.0011,0.0,1,1.0
negative_reason,应用兼容性差,1,0.0011,0.0,1,1.0
negative_reason,虚假降价,1,0.0011,0.0,1,1.0
negative_reason,活动不实,1,0.0011,0.0,1,1.0
negative_reason,摄像头故障,1,0.0011,0.0,1,1.0
negative_reason,换货周期长,1,0.0011,0.0,1,1.0
negative_reason,客服拖延,1,0.0011,0.0,1,1.0
negative_reason,赠券不兑现,1,0.0011,0.0,1,1.0
negative_reason,CPU性能差,1,0.0011,0.0,1,1.0
negative_reason,价格未优惠,1,0.0011,0.0,1,1.0
negative_reason,声音有点小,1,0.0011,0.0,1,1.0
negative_reason,赠品变动,1,0.0011,0.0,1,1.0
negative_reason,描述不清,1,0.0011,0.0,1,1.0
negative_reason,发二手货,1,0.0011,0.0,1,1.0
negative_reason,降价差价不退,1,0.0011,0.0,1,1.0
negative_reason,价保不认优惠券,1,0.0011,0.0,1,1.0
negative_reason,坑人,1,0.0011,0.0,1,1.0
negative_reason,系统问题,1,0.0011,0.0,1,1.0
negative_reason,屏幕发黄漏光,1,0.0011,0.0,1,1.0
negative_reason,收取手续费,1,0.0011,0.0,1,1.0
negative_reason,内存虚标,1,0.0011,0.0,1,1.0
negative_reason,偷工减料,1,0.0011,0.0,1,1.0
negative_reason,摄像头兼容性差,1,0.0011,0.0,1,1.0
negative_reason,画面黑,1,0.0011,0.0,1,1.0
negative_reason,不支持电信,1,0.0011,0.0,1,1.0
negative_reason,描述不符,1,0.0011,0.0,1,1.0
negative_reason,物流延迟,1,0.0011,0.0,1,1.0
negative_reason,无通知,1,0.0011,0.0,1,1.0
negative_reason,不够实用,1,0.0011,0.0,1,1.0
negative_reason,价格大幅下降,1,0.0011,0.0,1,1.0
negative_reason,质量问题,1,0.0011,0.0,1,1.0
negative_reason,不保价,1,0.0011,0.0,1,1.0
negative_reason,与华为差距大,1,0.0011,0.0,1,1.0
negative_reason,频繁降价,1,0.0011,0.0,1,1.0
negative_reason,价格不稳定,1,0.0011,0.0,1,1.0
negative_reason,预装软件过多,1,0.0011,0.0,1,1.0
negative_reason,无用软件,1,0.0011,0.0,1,1.0
negative_reason,质量残次,1,0.0011,0.0,1,1.0
negative_reason,物流过慢,1,0.0011,0.0,1,1.0
negative_reason,机身变形,1,0.0011,0.0,1,1.0
negative_reason,质量缺陷,1,0.0011,0.0,1,1.0
negative_reason,缺乏防震措施,1,0.0011,0.0,1,1.0
negative_reason,网页未说明网络制式,1,0.0011,0.0,1,1.0
negative_reason,整体体验差,1,0.0011,0.0,1,1.0
negative_reason,发饰不日常,1,0.0011,0.0,1,1.0
sentiment,正面,447,0.4656,0.8326,0,0.0
sentiment,负面,429,0.4469,-0.7245,429,1.0
sentiment,中性,84,0.0875,-0.0143,0,0.0
